,TrainErr,TestErr
Linear Regression,0.43036222223065707,0.4847810758229138
Tree,0.465532661678733,0.6217971524332837
Random Forest,0.21619911781479742,0.5002502785983396
AdaBoosting,0.07408579488904904,0.4831024675349991
Neural Network,0.5276959243760314,0.6393753675068391
