Post Weekday,Total Interactions
1,4.856052626227338
2,4.884072655393186
3,4.73106299147563
4,5.119489036324726
5,4.875139573746438
6,4.566879019058413
7,4.319521105210135
