Type,Total Interactions
Link,4.007454412890896
Photo,4.738575563980932
Status,5.099944097967478
Video,5.487032396170031
