Category,Total Interactions
1,4.258379421740523
2,5.073596199477991
3,5.158611722031306
