Paid,Total Interactions
0.0,4.66186957216764
1.0,4.975851516532886
