Category,Total Interactions
1,4.258379421740524
2,5.07359619947799
3,5.158611722031303
