Paid,Total Interactions
0.0,4.661869572167642
1.0,4.9758515165328845
