Post Month,Total Interactions
1,4.7473907810954685
2,5.137284005007805
3,3.6860039292380895
4,4.96304273258239
5,5.206255110994183
6,4.644914846320599
7,5.090370011184897
8,4.875826914981349
9,5.226234718310642
10,4.075591557586714
11,4.880515821568672
12,4.771773784589455
