Post Weekday,Total Interactions
1,4.8560526262273385
2,4.884072655393185
3,4.731062991475631
4,5.119489036324725
5,4.875139573746437
6,4.566879019058413
7,4.319521105210136
